6452,电信一,变形金刚苏见信
5497,电信一,Mp丶Kaneki
5862,电信一,伪君子DQ
5348,电信一,Mp丶TheDark
6005,电信一,弑神之星
6407,电信一,King彡现实范er彡
6026,电信一,丶120丶
4841,电信一,LightenPan
6223,电信一,旧伤逼我嚣张屮
5193,电信一,蛋疼的上帝
29164,28690
5067,电信一,Unicellular丨恋
4658,电信一,S丶ky丿天帝
4742,电信一,风依然自在
4019,电信一,梦晓羽
3892,电信一,无情丶丝文
4841,电信一,LightenPan
3159,电信一,Mayer灬奇迹
4415,电信一,呵呵呵呵呵呵001
3807,电信一,lm19
4447,电信一,你哪孬子啊
22378,20669
5321,电信一,扣鼻屎弹你嘴里
3784,电信一,避孕很简单
6599,电信一,身套麻袋头顶锅盖
5644,电信一,best丶with丶me
6407,电信一,南海岸
4841,电信一,LightenPan
4976,电信一,阿弥托佛1
4252,电信一,脉动哥1
5005,电信一,www520000
5170,电信一,德高哥
27755,24244
5410,电信一,Harland灬
6696,电信一,Ps丶斌少灬丶
4841,电信一,LightenPan
6941,电信一,summitk丶小俊
6414,电信一,夜初吻丨丶销衣
4905,电信一,九亿寡妇心中的梦
7168,电信一,得愿所偿丶
5612,电信一,春秋之后
4823,电信一,心睡x静
4554,电信一,绨8号荡铺1
30302,27062
6011,电信一,圣女歌戈蓝
6812,电信一,梦境还是现实
4644,电信一,Tracy灬MGone
5115,电信一,Ko丶极光
4841,电信一,LightenPan
6590,电信一,超神以无奈
5533,电信一,木月丶镜似花
7477,电信一,爱是有毒de
6400,电信一,风吟者
6204,电信一,灬流逝悲伤
27423,32204
6385,电信一,just浩劫
6413,电信一,浩浩浩丶
5883,电信一,JK360
4841,电信一,LightenPan
6023,电信一,随缘幻想
7020,电信一,烈火是
5268,电信一,请叫小布布
5595,电信一,Jackstraw灬
5564,电信一,赣B丨777777
5632,电信一,我的我就是我
29545,29079
6471,电信一,kiss掏空心
2061,电信一,蓝色魅影Y2
4411,电信一,黑桃老k
4768,电信一,独特丶之蕞
3903,电信一,寂寞太刺眼
4841,电信一,LightenPan
3180,电信一,天之圣师
4360,电信一,爱殴你妹儿
3553,电信一,O湛狼O
3879,电信一,风霜正浓
21614,19813
6691,电信一,神棍德大人
7960,电信一,小锋闯天下
5743,电信一,TheskyofloveDou
4841,电信一,LightenPan
6240,电信一,小彭灬闯天下
5797,电信一,Curtain丶Neil
4183,电信一,国服第一威风男神
5934,电信一,我是区树培
5511,电信一,老婆不在就撸起
4482,电信一,嗜血哈斯卡
31475,25907
4841,电信一,LightenPan
5292,电信一,Baychimo丶索隆
6774,电信一,阿迪奥斯丁
8031,电信一,Davina丶Claire
7425,电信一,冰心雪恋
4261,电信一,丿老丶男人
4073,电信一,哈哈是条狗
4843,电信一,超级嗨皮的萌铁蛋
3736,电信一,看今朝梦初情丶
4549,电信一,我叫朗朗
32363,21462
7998,电信一,神秘喃喃
7425,电信一,冰心雪恋
4890,电信一,炮灰的恢
4491,电信一,Zaye灬沦陷
5743,电信一,VIp独步天下
4589,电信一,碟之恋花之殇
4841,电信一,LightenPan
6147,电信一,FantasticMaskMan
6229,电信一,我不是辛巴怎么了
4496,电信一,那些女性教我的事
30547,26302
5516,电信一,智达吖
5408,电信一,求虐灬心态
5364,电信一,艹you嘛b
4841,电信一,LightenPan
4878,电信一,爆菊党艹禁嫖组
5644,电信一,誓灭丶全服
6983,电信一,气度吖非凡
6392,电信一,So丶枫叶锝追随
5479,电信一,langlink7
6766,电信一,MxGirmReaper
26007,31264
4841,电信一,LightenPan
4115,电信一,一个穿奶罩的帅哥
4755,电信一,GIM丶Nastu
6414,电信一,喵你丶个咪
4846,电信一,ONE丶Des1gnW1zar
5825,电信一,叶子的悲吹
3807,电信一,艺术的维美
5109,电信一,MISAY柠檬
5244,电信一,赫神丨坏蜀黍
5524,电信一,跌落凡间的二狗哥
24971,25509
4841,电信一,LightenPan
5226,电信一,撕念你懂吗丶
4792,电信一,Easy丶总指挥
4093,电信一,梦三年痛三年
5171,电信一,ABC盖伦怕不怕
3788,电信一,Avengers丶萌入心
6626,电信一,对面五个O子小O子
6687,电信一,渴望小鱼
7534,电信一,迷情大狗贼
4783,电信一,Only丶you灬魅
24123,29418
4856,电信一,非洲东东东
6552,电信一,会飞的奶牛
4836,电信一,非洲白猩猩
4841,电信一,LightenPan
5713,电信一,丶吻破了红唇
5473,电信一,丶全球第一天坑
4692,电信一,一区都坑
4790,电信一,星尘FC
5505,电信一,神马都丨是灬浮云
4749,电信一,罩罩罩丶
26798,25209
7803,电信一,天使丶不爱说
4841,电信一,LightenPan
7189,电信一,以毒攻毒
6907,电信一,Exclusive丶jade
7326,电信一,神圣小牛
6125,电信一,CrazeIII
6876,电信一,Kis灬伽罗楼
5590,电信一,MajestyNoble晴天
5332,电信一,恋歆丶为你守候
4876,电信一,Hldred灬NO1
34066,28799
7249,电信一,只为召唤爱情傀儡
4463,电信一,陈金信
4841,电信一,LightenPan
5976,电信一,你爹地再次
7849,电信一,放飞白云
8276,电信一,周小迪
6619,电信一,Akuma丶Mask
1921,电信一,Avicky
5321,电信一,Sa丶Mat
5852,电信一,狼人貘邪
30378,27989
5303,电信一,上帝请求我哥丶
7446,电信一,丶丨帅得想毁容灬
5839,电信一,一花界世一
7458,电信一,专杀坑壁
7669,电信一,落夏的小三
4925,电信一,艹尼玛的杀生
4071,电信一,我叫董小贤
4841,电信一,LightenPan
4931,电信一,WONGCHEOKYIN
4946,电信一,宿命终焉
33715,23714
4841,电信一,LightenPan
7343,电信一,黄金国度三国杀
6241,电信一,Asia丶萌比女王
6735,电信一,Vtoler丨郁金香
7231,电信一,四海结义
5907,电信一,农夫彡拳有点猛
5663,电信一,左道凉
7210,电信一,NighTmare丨Sad
7329,电信一,岁月之星
6305,电信一,慵懒的偏执
32391,32414
6948,电信一,Eternal丶FYJ
5567,电信一,国民女神Queen丶
8208,电信一,萧丶逐流
7085,电信一,哀伤反光
6930,电信一,纯情加菲猫
6226,电信一,Lucky丿小宝
8329,电信一,杨灬伊林
6742,电信一,回忆past终难忘
7205,电信一,浅黄色菊花
4841,电信一,LightenPan
34738,33343
7572,电信一,Ray丨poisoning灬
4683,电信一,Hobbsxlulu
4841,电信一,LightenPan
8476,电信一,愤怒的大西瓜丶
7095,电信一,Ace走颐岑
9386,电信一,ImoutoKon
4033,电信一,LV新手pQ
7142,电信一,摩羯座丶Ax
5538,电信一,黑夜剑士
6223,电信一,习惯叻36
32667,32322
6600,电信一,一剑翻江
6481,电信一,浮冢丶
6745,电信一,Oupsss丶LYK
6433,电信一,Mayday灬柒拾柒
7336,电信一,nananong
5657,电信一,Mondy灬一锺美好
4841,电信一,LightenPan
5401,电信一,Moco丶离城梦
4412,电信一,武哥在此
5595,电信一,Cc丶Jazz
33595,25906
6131,电信一,MVP丨Holmes
7795,电信一,我是干爹
4841,电信一,LightenPan
5345,电信一,katesky
4337,电信一,Heart丶千琴
6283,电信一,也许请
7590,电信一,灬小子龙
7960,电信一,梦幻黄昏
7011,电信一,我嘞你个去
6412,电信一,爱瑾晴真是太好了
28449,35256
6259,电信一,stley丶小天
7074,电信一,FreLop丶和尚尚
6754,电信一,YiyI轶
4127,电信一,Rose丨箭神丶
5802,电信一,Rose丨疾风丶
4841,电信一,LightenPan
6300,电信一,玉树临风万王之王
7523,电信一,霸气外漏丨SHve
6630,电信一,寻找o0糖果
5623,电信一,青楼还是满座
30016,30917
2578,电信一,Forget丶未尽
5817,电信一,小小仃丶
4650,电信一,这个不好想啊
4406,电信一,血腥纸飞机丶s
6502,电信一,Louise灬王者风
7013,电信一,西伯利亚潇洒哥丶
4978,电信一,Illidan丶Storm
5582,电信一,慢慢玩玩
4537,电信一,盛开的德芙
4841,电信一,LightenPan
23953,26951
6857,电信一,败的不是情
4841,电信一,LightenPan
4976,电信一,从零到最强王者
6725,电信一,只为1伊人笑
5347,电信一,尼玛有点卡
2832,电信一,菜鸟请包涵
6391,电信一,September丶1号
6210,电信一,莫名微笑
5330,电信一,佐仑丶
5677,电信一,丶欧莱雅
28746,26440
4354,电信一,屁颠屁颠送人头去
6936,电信一,从前有个鬼鬼了鬼
4025,电信一,靠这都被你看到了
7036,电信一,诡异的天空蓝
5338,电信一,传说娱乐
4464,电信一,GPGPguanpeng
4841,电信一,LightenPan
4266,电信一,星之语丶Veigar
5370,电信一,RoyCiem丶光More
6272,电信一,打个鸟dota
27689,25213
5534,电信一,壹千多个丶小学生
4395,电信一,梦中之境
4655,电信一,还记得ma
6096,电信一,丶Anniu
6485,电信一,360深度病毒
3527,电信一,谜一般的禽兽
4841,电信一,LightenPan
6062,电信一,Goth丶卡农
5344,电信一,狂风叫兽
5422,电信一,打不死的花丶
27165,25196
4523,电信一,逸萧轩
4980,电信一,Jacobe灬
7610,电信一,Misaeay
6849,电信一,妩媚了谁的寂寞丶
4021,电信一,L杜o蕾v斯e
7770,电信一,灏灏灏灏灏灏灏
5880,电信一,Jason狼叫兽
6727,电信一,三三两两含含糊糊
4841,电信一,LightenPan
7294,电信一,真系笨
27983,32512
5130,电信一,马蛋痛他爹
5990,电信一,跪下叫野爹丶
7445,电信一,我本委琐
6805,电信一,佐小月
6550,电信一,MikasaAckermam
6724,电信一,诹访01
6904,电信一,至尊小几几
5437,电信一,思密达狗狗
7588,电信一,东香楼
4841,电信一,LightenPan
31920,31494
6387,电信一,autumnstreet
5917,电信一,郦哥哥
4841,电信一,LightenPan
3724,电信一,人鱼和她的水晶鞋
7129,电信一,疯狂v7嗜杀
6861,电信一,黑丶白丶
6075,电信一,金陵小区一霸
3810,电信一,2559丶
4918,电信一,不隐Idaynotenemy
7538,电信一,丶茉莉花的美
27998,29202
8312,电信一,Mime举世皆敌
5314,电信一,斯盖亚
4841,电信一,LightenPan
4897,电信一,Car拾忆
5752,电信一,Yang蕾丝裤衩
6508,电信一,玩丶毛线
6010,电信一,thekissofsea
5117,电信一,丶致谎言
7122,电信一,失魂人anesthesia
4395,电信一,哥很随意
29116,29152
4865,电信一,啊一吊遮天
7085,电信一,睡觉控爱睡觉
5991,电信一,临风听玄蝉
4841,电信一,LightenPan
6275,电信一,白猪老师
5427,电信一,月经草
5823,电信一,我妈高富帅
4339,电信一,丿Silk丶stocking
5017,电信一,Sailor丶丰碑
4143,电信一,TDL丶
29057,24749
4208,电信一,不就是个ID
5908,电信一,Manipula丿sTiny
5073,电信一,女神巴黎
6094,电信一,我与天比高丶
3919,电信一,心无玩心
5061,电信一,夸下有熊器
6298,电信一,帅气的小坑逼
7619,电信一,魔仙I川
4841,电信一,LightenPan
4213,电信一,Female灬青冢
25202,28032
4347,电信一,最怕你会难过丶
4695,电信一,他的亲生爸爸D
4456,电信一,Primo丨薄荷梦
7515,电信一,youskyme
4907,电信一,Fantasy丶花爷
5814,电信一,沾湿迷途婉转回忆
4841,电信一,LightenPan
5931,电信一,你的豆腐什么味丶
5306,电信一,牛油乳
3853,电信一,猥琐惯犯
25920,25745
5512,电信一,云在天
6857,电信一,雪染的风采
6781,电信一,稳健短发男丶
5307,电信一,Arboretum
5070,电信一,Mosesz丿千城
5327,电信一,坑神趴坑中
7129,电信一,逍遥流水
4970,电信一,3杠1
4841,电信一,LightenPan
4788,电信一,Fate丨耀月
29527,27055
4095,电信一,披着人皮的骷髅
4123,电信一,大mistake
4864,电信一,亻尤酉告丨
6352,电信一,Laughing兔
4441,电信一,七亿少女的心上人
8342,电信一,若离丿卟哭
4058,电信一,A丶ndrea
6137,电信一,流浪英雄天
4841,电信一,LightenPan
7277,电信一,lw丿殊途同归丶sg
23875,30655
3474,电信一,再看就把你吃掉嗷
7436,电信一,wangling123
5480,电信一,青春丶唱不完歌
6368,电信一,开式之人
4841,电信一,LightenPan
8342,电信一,若离丿卟哭
6733,电信一,猴哥吸舔取精丶
4905,电信一,傲氏三年品牌
5149,电信一,神到底坑到底
5001,电信一,浅黛灬微妆彡
27599,30130
7054,电信一,i丶Kamina灬
6603,电信一,沉默成鬼
5113,电信一,浪漫与狂躁
6069,电信一,丿坑你没商量
6898,电信一,旧梦末期Moment
4841,电信一,LightenPan
6733,电信一,KKKKKKKKeyGreen
5734,电信一,人生如戏演得精彩
7259,电信一,ZHAIyb
5356,电信一,悲伤逆流成口水
31737,29923
6833,电信一,打不过劳资就开跑
3926,电信一,断魂Connt
4841,电信一,LightenPan
6963,电信一,江南狗王可以嘛
4485,电信一,Noupp丶夕颜
7029,电信一,阿然同学丶
5205,电信一,圣丶小疯狂
3643,电信一,随风打酱油8
3687,电信一,夜雨微微寒
7689,电信一,爱福利真是太好了
27048,27253
6833,电信一,打不过劳资就开跑
5043,电信一,Miss丶薯条
4841,电信一,LightenPan
6262,电信一,恨南黎
7277,电信一,早安牙膏
4913,电信一,呼唤你的爱丿
4529,电信一,Endure丶Y
3914,电信一,叹息我是坑
6328,电信一,射到你叫娘
6330,电信一,Forever丶Ckm
30256,26014
6250,电信一,我的帅只是太明显
5315,电信一,OMGhx
5821,电信一,丿Diane丨丶仇
5581,电信一,SuperMan姚
4378,电信一,这里很有前途
3813,电信一,Sahair
4491,电信一,AceMelody丶浩天
3988,电信一,撸撸8
6768,电信一,传说之痕
4841,电信一,LightenPan
27345,23901
5503,电信一,Baby灬迷惘
6132,电信一,英雄栋栋
4196,电信一,开风丶
4057,电信一,男淫丶
4977,电信一,Mr丶爷狂战天下
6805,电信一,疯骚走位会摔跤
4256,电信一,Distressed丶义
4841,电信一,LightenPan
6739,电信一,菊部地区有血m
6066,电信一,兰强没牛牛
24865,28707
5415,电信一,小晓弃尊
3173,电信一,从未有过放弃
6405,电信一,单身女一样猛
3917,电信一,守卫丶Owen
5888,电信一,疼讯你爹的八个字
5567,电信一,低调的艾斯比丶
3775,电信一,淡疾殇
5553,电信一,夜夜撕衣不见伊
4465,电信一,空城魅蒂
4841,电信一,LightenPan
24798,24201
5431,电信一,太帅太伤人
5707,电信一,吾为上将
4774,电信一,卖萌会很强
6403,电信一,Ho橙橙oH
5755,电信一,VoYaing
4324,电信一,神尾欺凌
3201,电信一,流浪的飞扬
4841,电信一,LightenPan
5567,电信一,低调的艾斯比丶
5326,电信一,冥手丿温柔
28070,23259
5089,电信一,Ternence丨六小银
7418,电信一,梦幻C罗
5452,电信一,神啦让我起个名吧
6859,电信一,欲拔刀
6327,电信一,过路de神
4841,电信一,LightenPan
5493,电信一,澹台谚虚
4894,电信一,叼遮奶瓶丶去泡妞
5227,电信一,睡了阿噻哟
3917,电信一,吃肉的小和尚
31145,24372
4418,电信一,Vv小龙vV
4841,电信一,LightenPan
5753,电信一,清风夜夏
4931,电信一,风之物语丶
6913,电信一,千年痴恋风
4163,电信一,Fortuna冫初凉
5445,电信一,丨小怪兽丨丶
5524,电信一,丿crazy丶辉少灬
5711,电信一,微听浅夏
4785,电信一,红灯灬cell
26856,25628
6277,电信一,像山猫般嚎叫
5024,电信一,逝者善舞
4451,电信一,BULK91
6938,电信一,唯一的霸气
4841,电信一,LightenPan
4648,电信一,战皇一雅魂
6241,电信一,你舅舅的爷爷
4796,电信一,你颠了嘛
3098,电信一,Kelvin灬战神
5124,电信一,红娘子君君Tou
27531,23907
6401,电信一,茗人堂丶叛逆
4451,电信一,BULK91
7007,电信一,爱丶死了
8428,电信一,丶劳资丨肆无忌惮
5250,电信一,Newton丶小性感
4777,电信一,莎莎贝拉丶
4285,电信一,Caspar强
4841,电信一,LightenPan
8517,电信一,平田肉山君
4868,电信一,香肠要吗妹纸
31537,27288
3634,电信一,Perfect丶执导
5617,电信一,渣渣传说
4255,电信一,凭什么委曲求全
5882,电信一,世界如此的冷
6007,电信一,ControlSoul丶K
5564,电信一,Bravehear丶Cdd
4841,电信一,LightenPan
7296,电信一,桀骜不驯丶r
3524,电信一,坑坑坑0坑死你们
4607,电信一,sky丶风暴
25395,25832
6564,电信一,梦了了
5258,电信一,撸出个大明湖
7100,电信一,国服第一丨浩哥
5233,电信一,Mr若灬风
5365,电信一,小男人英俊丶
4841,电信一,LightenPan
5573,电信一,这货尼玛是啥
8215,电信一,表演天赋
3426,电信一,灵2影
5757,电信一,修道之人
29520,27812
4400,电信一,prince丨左手边彡
5714,电信一,窝不懂丶
6524,电信一,鬼影追命
5224,电信一,ck神话
6416,电信一,啊咯死
6190,电信一,忆丶往昔之涩
4090,电信一,miss锋帅
4841,电信一,LightenPan
4962,电信一,Agnes彡Seven
5325,电信一,a残剑a
28278,25408
4841,电信一,LightenPan
6383,电信一,死亡师
5615,电信一,巛丶莼属灬娱乐
6438,电信一,Zxs僵尸
4849,电信一,男人毁在手上
6234,电信一,血祭丨霜之哀伤
6090,电信一,呆呆歪歪
6356,电信一,绅士宝哥Soxi
5318,电信一,Ems丶Boss
4822,电信一,妖异丶的瞳孔
28126,28820
4133,电信一,大朱我来了
3473,电信一,丶龙起丨天下
4841,电信一,LightenPan
3272,电信一,MVP灬丨傲视
6319,电信一,魔神真实
4299,电信一,黑山老妖V
5477,电信一,Larua丶
3786,电信一,王者eet4y6y6uuu7
4157,电信一,Py丶暴力
6356,电信一,绅士宝哥Soxi
22038,24075
3619,电信一,FA吉村裤狼
5523,电信一,芒果吃完零食后
4841,电信一,LightenPan
6643,电信一,阿格拉德
6288,电信一,李文刚
6049,电信一,纸上论兵丶
6769,电信一,赶紧爬你妹
5763,电信一,小虾米2
5810,电信一,我的心是一个站牌
5173,电信一,一丶场游戏
26914,29564
6235,电信一,丿暴力丶街区10
5882,电信一,你先杀我队友谢谢
5360,电信一,我的女神在那里呀
5364,电信一,ExplorerEzrea丶
4841,电信一,LightenPan
5147,电信一,Y亻散曲未终
6813,电信一,神王OL
7126,电信一,xTb丶禁色
4403,电信一,小龙龙是残粉
6040,电信一,缘定三生石丶
27682,29529
4966,电信一,growth丨乐枫
5077,电信一,InMay9thninefour
4343,电信一,AssassinsAzui
6483,电信一,Monstar丶shy
4162,电信一,Monstar丶y2
4407,电信一,往事坑啊
3009,电信一,Mec穿她
4841,电信一,LightenPan
3814,电信一,绝地KILLER
3735,电信一,我们帅呆了
25031,19806
5517,电信一,Angeala丨墨色红
4160,电信一,prince召唤
5312,电信一,枫语0000
3235,电信一,祢呀不学好
6015,电信一,身行万里半天下
7166,电信一,Destructionyy
5253,电信一,丿浮沉灬乱世丨
4841,电信一,LightenPan
5257,电信一,浅怀感伤丨August
5316,电信一,半分苦涩灬
24239,27833
4841,电信一,LightenPan
3945,电信一,peryal
3762,电信一,KDOUB
4136,电信一,Stre丨暗
3386,电信一,Caroline灬流年
4215,电信一,KING程锡
3808,电信一,丨丶ove犹豫
4536,电信一,霸道对象
6652,电信一,黄有影
4960,电信一,默默LOVE你
20070,24171
6389,电信一,xiao饭团
5330,电信一,蒋公纸
4841,电信一,LightenPan
6073,电信一,一天撸的虚脱
5255,电信一,人家才不是Dr呢
5799,电信一,小冉v5帅弟
2893,电信一,因帅被追杀彡
3606,电信一,Allen丶苦口
3855,电信一,剃度的僧
6914,电信一,可爱的小旺仔
27888,23067
6097,电信一,风月里褪不切寂寞
4444,电信一,魔法大少
4162,电信一,丶丿Lancer
6816,电信一,a王者之尊
7058,电信一,C25砼丶抗震
4841,电信一,LightenPan
6462,电信一,dear丶灵度
6556,电信一,携酒踏明月
5544,电信一,Maryyyyy
4226,电信一,吃草的噬魂
28577,27629
5752,电信一,丶断紫音
4315,电信一,对面的猪打我呀SB
4841,电信一,LightenPan
6386,电信一,华丽的消逝
6457,电信一,再续花开
6376,电信一,枫天莫邪
4546,电信一,丶我是坑爹的丶
6791,电信一,糖果的忧伤
6860,电信一,进击的皮卡丘瞬间
5179,电信一,Wo紫心醉
27751,29752
6373,电信一,丿moon丶神
4841,电信一,LightenPan
5548,电信一,只要坚持就能胜利
5259,电信一,逆傲丶希亚
5383,电信一,时光记忆不微伤bb
5043,电信一,吾乃你鬼术城弟兄
6867,电信一,末日踏雪
3399,电信一,丿恶魔微笑丶
4160,电信一,期待你的人
6099,电信一,kenlamddk
27404,25568
5809,电信一,你羡慕不起的神人
3993,电信一,小学生挂机党
3922,电信一,lakanlin
6236,电信一,lbiza
3927,电信一,Quenzale
4841,电信一,LightenPan
4234,电信一,Paddy超
8258,电信一,但愿无念丶
6650,电信一,Crazyflowe
4520,电信一,暗夜的召唤
23887,28503
4441,电信一,hero弑神师
5811,电信一,不服就在来
4841,电信一,LightenPan
5154,电信一,sw丶夕颜若雨
6777,电信一,小咕噜兵
7554,电信一,Echo丶游子
4733,电信一,叫我第一DElevin
7519,电信一,萌萌的鹏师傅
3863,电信一,坑坑坑坑我是天坑
6041,电信一,Ice辉哥
27024,29710
